{"stats":{"minecraft:picked_up":{"sophisticatedbackpacks:gold_backpack":7,"minecraft:iron_chestplate":7,"immersiveengineering:connector_lv":16,"minecraft:cooked_beef":448,"minecraft:redstone_block":224,"farmersdelight:rice":192,"minecraft:water_bucket":7,"immersiveengineering:coal_coke":64,"minecraft:potato":192,"immersiveengineering:dynamo":2,"paraglider:spirit_orb":1,"minecraft:oak_log":2496,"immersiveengineering:blastbrick":54,"minecraft:shield":3,"tombstone:voodoo_poppet":2,"minecraft:lapis_block":224,"immersiveengineering:connector_lv_relay":16,"immersiveengineering:manual":2,"minecraft:dirt":3,"minecraft:iron_axe":7,"minecraft:iron_leggings":4,"minecraft:netherite_ingot":8,"minecraft:iron_shovel":7,"immersiveengineering:cokebrick":54,"minecraft:stone_bricks":7104,"minecraft:bow":7,"immersiveengineering:windmill":2,"minecraft:wheat_seeds":192,"minecraft:diamond_leggings":3,"minecraft:cobbled_deepslate":2880,"minecraft:iron_pickaxe":7,"minecraft:diamond_helmet":7,"minecraft:coal_block":224,"minecraft:chest":12,"minecraft:iron_sword":7,"farmersdelight:cabbage_seeds":192,"minecraft:iron_boots":3,"minecraft:raw_gold_block":96,"minecraft:raw_iron_block":224,"minecraft:gravel":640,"minecraft:lava_bucket":7,"minecraft:sand":896,"farmersdelight:tomato_seeds":192,"tombstone:grave_dust":64,"minecraft:spruce_log":1152,"minecraft:grass_block":64,"minecraft:carrot":192,"quark:lavender_blossom_sapling":1,"minecraft:iron_hoe":7,"minecraft:arrow":896,"minecraft:clay":640,"minecraft:diamond":224,"immersiveengineering:seed":193,"minecraft:beetroot_seeds":192,"immersiveengineering:wirecoil_copper":16,"farmersdelight:onion":192,"minecraft:diamond_boots":4,"tombstone:fishing_rod_of_misadventure":2,"tombstone:essence_of_undeath":32,"securitycraft:universal_block_reinforcer_lvl2":4,"minecraft:cobblestone":3456},"minecraft:custom":{"lootr:looted_stat":1,"minecraft:leave_game":2,"minecraft:time_since_death":77795,"minecraft:time_since_rest":77795,"minecraft:sprint_one_cm":94271,"minecraft:open_enderchest":11,"minecraft:damage_taken":220,"minecraft:walk_one_cm":110182,"minecraft:drop":47,"minecraft:damage_dealt":16,"minecraft:swim_one_cm":4896,"minecraft:fly_one_cm":3050207,"minecraft:open_chest":157,"minecraft:crouch_one_cm":6977,"minecraft:play_time":77795,"minecraft:sneak_time":3443,"minecraft:walk_under_water_one_cm":1677,"minecraft:jump":495,"minecraft:walk_on_water_one_cm":2282,"minecraft:total_world_time":77795,"minecraft:fall_one_cm":4496},"minecraft:dropped":{"minecraft:enchanted_book":7,"farmersdelight:iron_knife":1,"quark:yellow_blossom_sapling":1,"minecraft:netherite_ingot":4,"farmersdelight:skillet":1,"minecraft:tall_grass":1,"quark:pink_blossom_sapling":1,"evilcraft:blood_infuser":1,"minecraft:grass_block":512,"quark:lavender_blossom_sapling":2,"paraglider:spirit_orb":1,"farmersdelight:cutting_board":1,"evilcraft:blood_extractor":1,"evilcraft:broom":1,"farmersdelight:cooking_pot":1,"farmersdelight:rice_bag":1,"minecraft:chest":12,"farmersdelight:stove":1,"minecraft:bone_meal":32,"quark:orange_blossom_sapling":1,"farmersdelight:basket":1,"quark:blue_blossom_sapling":1},"minecraft:used":{"minecraft:chest":29,"minecraft:ender_chest":2,"minecraft:dirt":97,"minecraft:grass_block":1,"minecraft:birch_sapling":1,"minecraft:deepslate":1,"minecraft:oak_sapling":1,"quark:pink_blossom_sapling":1,"minecraft:bone_meal":4}},"DataVersion":3120}