{"stats":{"minecraft:picked_up":{"minecraft:birch_log":37,"sophisticatedbackpacks:gold_backpack":7,"minecraft:iron_chestplate":7,"immersiveengineering:connector_lv":24,"minecraft:cooked_beef":448,"minecraft:redstone_block":224,"farmersdelight:rice":224,"minecraft:water_bucket":8,"immersiveengineering:coal_coke":96,"minecraft:potato":224,"immersiveengineering:dynamo":3,"paraglider:spirit_orb":1,"minecraft:oak_log":2527,"immersiveengineering:blastbrick":81,"minecraft:shield":3,"elevatorid:elevator_black":2,"tombstone:voodoo_poppet":3,"minecraft:lapis_block":224,"immersiveengineering:connector_lv_relay":24,"immersiveengineering:manual":3,"minecraft:dirt":6,"minecraft:iron_axe":7,"minecraft:iron_leggings":4,"minecraft:netherite_ingot":12,"minecraft:iron_shovel":7,"immersiveengineering:cokebrick":81,"minecraft:stone_bricks":7104,"minecraft:bow":7,"immersiveengineering:windmill":3,"minecraft:wheat_seeds":225,"minecraft:diamond_leggings":3,"minecraft:cobbled_deepslate":3456,"minecraft:iron_pickaxe":7,"minecraft:diamond_helmet":7,"minecraft:birch_sapling":24,"minecraft:coal_block":224,"minecraft:chest":18,"minecraft:iron_sword":7,"farmersdelight:cabbage_seeds":224,"minecraft:iron_boots":3,"minecraft:stick":12,"minecraft:raw_gold_block":96,"minecraft:raw_iron_block":224,"minecraft:gravel":768,"minecraft:lava_bucket":8,"minecraft:sand":1152,"farmersdelight:tomato_seeds":224,"tombstone:grave_dust":96,"minecraft:spruce_log":1152,"minecraft:grass_block":64,"minecraft:carrot":224,"quark:lavender_blossom_sapling":1,"minecraft:iron_hoe":7,"minecraft:arrow":896,"quark:clear_shard":2,"minecraft:clay":768,"minecraft:diamond":224,"immersiveengineering:seed":225,"minecraft:beetroot_seeds":224,"immersiveengineering:wirecoil_copper":24,"farmersdelight:onion":224,"minecraft:diamond_boots":4,"tombstone:fishing_rod_of_misadventure":3,"tombstone:essence_of_undeath":48,"securitycraft:universal_block_reinforcer_lvl2":4,"minecraft:oak_sapling":20,"minecraft:cobblestone":4032},"minecraft:custom":{"lootr:looted_stat":1,"minecraft:leave_game":2,"minecraft:time_since_death":101795,"minecraft:time_since_rest":101795,"minecraft:sprint_one_cm":148803,"minecraft:open_enderchest":12,"minecraft:damage_taken":412,"minecraft:walk_one_cm":170600,"minecraft:drop":53,"minecraft:damage_dealt":16,"minecraft:swim_one_cm":4896,"minecraft:fly_one_cm":3189070,"minecraft:open_chest":169,"minecraft:crouch_one_cm":16990,"minecraft:play_time":101795,"minecraft:sneak_time":4582,"minecraft:walk_under_water_one_cm":1677,"minecraft:jump":623,"minecraft:walk_on_water_one_cm":2282,"minecraft:total_world_time":101795,"minecraft:fall_one_cm":10180},"minecraft:dropped":{"minecraft:enchanted_book":7,"farmersdelight:iron_knife":1,"quark:yellow_blossom_sapling":1,"minecraft:netherite_ingot":4,"farmersdelight:skillet":1,"minecraft:tall_grass":1,"quark:pink_blossom_sapling":1,"evilcraft:blood_infuser":1,"minecraft:grass_block":512,"quark:lavender_blossom_sapling":2,"paraglider:spirit_orb":1,"farmersdelight:cutting_board":1,"evilcraft:blood_extractor":1,"quark:clear_shard":2,"evilcraft:broom":1,"farmersdelight:cooking_pot":1,"minecraft:oak_sapling":20,"farmersdelight:rice_bag":1,"minecraft:chest":15,"farmersdelight:stove":1,"minecraft:bone_meal":32,"quark:orange_blossom_sapling":1,"tombstone:fishing_rod_of_misadventure":1,"farmersdelight:basket":1,"quark:blue_blossom_sapling":1},"minecraft:mined":{"minecraft:grass_block":6,"minecraft:chest":6,"minecraft:glass":2,"minecraft:birch_log":37,"minecraft:grass":1,"minecraft:oak_log":31,"minecraft:oak_leaves":6},"minecraft:used":{"minecraft:chest":35,"minecraft:ender_chest":3,"minecraft:iron_chestplate":1,"minecraft:dirt":97,"elevatorid:elevator_black":2,"minecraft:diamond_helmet":1,"minecraft:oak_log":1,"minecraft:lava_bucket":3,"minecraft:iron_axe":81,"minecraft:grass_block":130,"minecraft:birch_sapling":1,"minecraft:iron_boots":1,"minecraft:deepslate":1,"minecraft:oak_sapling":1,"minecraft:bucket":3,"quark:pink_blossom_sapling":1,"minecraft:bone_meal":4,"minecraft:diamond_leggings":1}},"DataVersion":3120}