{"stats":{"minecraft:picked_up":{"minecraft:birch_log":10,"born_in_chaos_v1:corpse_maggot":1,"minecraft:crafting_table":1,"minecraft:clay_ball":36,"paraglider:spirit_orb":5,"butchersdelight:deadpig":7,"minecraft:oak_log":8,"quark:lavender_blossom_leaves":4,"elevatorid:elevator_black":1,"farmersdelight:skillet":1,"farmersdelight:cutting_board":1,"minecraft:dirt":540,"minecraft:string":5,"minecraft:iron_axe":1,"botania:black_mystical_flower":3,"butchersdelight:deadchiken":1,"minecraft:bone":3,"botania:magenta_mystical_flower":1,"farmersdelight:iron_knife":1,"botania:cyan_mystical_flower":3,"farmersdelight:cooking_pot":1,"quark:pink_blossom_leaves":169,"minecraft:wheat_seeds":5,"mysticalagriculture:inferium_essence":1,"botania:purple_mystical_flower":1,"spore:mutated_fiber":6,"quark:blue_blossom_leaves":2,"quark:yellow_blossom_sapling":1,"minecraft:chest":1,"minecraft:birch_sapling":5,"botania:gray_mystical_flower":2,"minecraft:egg":1,"quark:blue_blossom_sapling":1,"farmersdelight:basket":1,"botania:red_mystical_flower":2,"minecraft:stick":5,"botania:purple_double_flower":1,"botania:gray_double_flower":2,"minecraft:composter":2,"minecraft:oak_fence":13,"minecraft:torch":128,"minecraft:gravel":2,"quark:blossom_log":19,"quark:pink_blossom_sapling":18,"minecraft:sand":23,"minecraft:stripped_spruce_log":1,"minecraft:spruce_sapling":2,"minecraft:grass_block":448,"minecraft:carrot":4,"minecraft:light_blue_bed":1,"minecraft:dark_oak_log":6,"minecraft:spider_eye":1,"quark:lavender_blossom_sapling":1,"minecraft:iron_hoe":1,"minecraft:rotten_flesh":4,"immersiveengineering:seed":10,"quark:orange_blossom_sapling":1,"minecraft:bone_meal":32,"farmersdelight:rice_bag":1,"minecraft:oak_sapling":2,"farmersdelight:stove":1},"minecraft:custom":{"minecraft:interact_with_furnace":3,"lootr:looted_stat":9,"minecraft:mob_kills":7,"minecraft:interact_with_crafting_table":15,"minecraft:open_barrel":12,"minecraft:leave_game":1,"minecraft:time_since_death":128726,"minecraft:climb_one_cm":334,"minecraft:time_since_rest":128726,"minecraft:open_enderchest":1,"minecraft:sprint_one_cm":552360,"minecraft:damage_taken":707,"minecraft:walk_one_cm":546391,"minecraft:drop":7,"minecraft:damage_dealt":1917,"minecraft:fly_one_cm":77311,"minecraft:open_chest":25,"minecraft:crouch_one_cm":139191,"minecraft:play_time":128726,"tombstone:undead_killed":2,"minecraft:sneak_time":27204,"minecraft:walk_under_water_one_cm":8724,"minecraft:jump":802,"minecraft:walk_on_water_one_cm":3372,"minecraft:total_world_time":128726,"minecraft:fall_one_cm":10570},"minecraft:dropped":{"minecraft:wheat_seeds":1,"botania:black_mystical_flower":3,"paraglider:spirit_orb":1,"minecraft:filled_map":1,"born_in_chaos_v1:corpse_maggot":1,"minecraft:iron_axe":1,"minecraft:egg":1},"minecraft:killed":{"naturalist:snake":1,"minecraft:spider":2,"born_in_chaos_v1:decrepit_skeleton":2,"naturalist:snail":1,"born_in_chaos_v1:corpse_fly":1},"minecraft:mined":{"quark:pink_blossom_sapling":1,"botania:red_mystical_flower":2,"quark:lavender_blossom_leaves":5,"farmersdelight:wild_carrots":4,"minecraft:dark_oak_log":6,"quark:blue_blossom_leaves":3,"minecraft:oak_fence":15,"minecraft:clay":9,"minecraft:crafting_table":1,"minecraft:grass_block":437,"botania:purple_double_flower":1,"minecraft:chest":1,"quark:blossom_log":22,"minecraft:glass":1,"minecraft:tall_grass":4,"minecraft:composter":2,"minecraft:spawner":3,"botania:cyan_mystical_flower":3,"botania:purple_mystical_flower":1,"botania:magenta_mystical_flower":1,"minecraft:light_blue_bed":1,"quark:pink_blossom_leaves":299,"minecraft:birch_log":10,"minecraft:birch_leaves":2,"minecraft:stripped_spruce_log":1,"minecraft:brown_bed":1,"minecraft:grass":21,"minecraft:oak_log":8,"botania:gray_double_flower":2,"minecraft:sand":46,"minecraft:gravel":2,"minecraft:dirt":202,"botania:gray_mystical_flower":2,"minecraft:cobweb":2,"elevatorid:elevator_black":1,"minecraft:oak_leaves":13},"minecraft:crafted":{"minecraft:oak_planks":264,"minecraft:wooden_shovel":1,"minecraft:coal":19,"quark:blossom_planks":18,"minecraft:crafting_table":1,"minecraft:furnace":1,"minecraft:stone":2,"minecraft:air":137,"minecraft:stick":140,"quark:oak_chest":2,"minecraft:dark_oak_planks":6,"minecraft:torch":72,"minecraft:oak_fence":144,"minecraft:shears":1},"minecraft:used":{"minecraft:oak_fence":49,"minecraft:iron_shovel":691,"minecraft:iron_sword":32,"minecraft:wooden_shovel":14,"minecraft:torch":85,"minecraft:dirt":495,"quark:yellow_blossom_sapling":1,"elevatorid:elevator_black":3,"minecraft:crafting_table":2,"quark:lavender_blossom_sapling":1,"minecraft:shears":193,"minecraft:iron_hoe":66,"minecraft:apple":3,"minecraft:grass_block":853,"minecraft:iron_axe":108,"minecraft:iron_pickaxe":5,"quark:blue_blossom_sapling":1,"minecraft:furnace":1,"minecraft:birch_log":3,"quark:blossom_planks":44,"quark:oak_chest":2,"minecraft:cooked_beef":7,"quark:pink_blossom_sapling":3,"minecraft:bone_meal":26,"quark:orange_blossom_sapling":1}},"DataVersion":3120}