{"stats":{"minecraft:picked_up":{"born_in_chaos_v1:corpse_maggot":1,"minecraft:crafting_table":1,"minecraft:clay_ball":36,"paraglider:spirit_orb":5,"butchersdelight:deadpig":7,"minecraft:oak_log":8,"farmersdelight:skillet":1,"farmersdelight:cutting_board":1,"minecraft:dirt":493,"minecraft:string":5,"minecraft:iron_axe":1,"botania:black_mystical_flower":3,"butchersdelight:deadchiken":1,"minecraft:bone":3,"botania:magenta_mystical_flower":1,"farmersdelight:iron_knife":1,"botania:cyan_mystical_flower":3,"farmersdelight:cooking_pot":1,"minecraft:wheat_seeds":5,"mysticalagriculture:inferium_essence":1,"botania:purple_mystical_flower":1,"quark:yellow_blossom_sapling":1,"minecraft:chest":1,"botania:gray_mystical_flower":2,"minecraft:egg":1,"quark:blue_blossom_sapling":1,"farmersdelight:basket":1,"botania:red_mystical_flower":2,"minecraft:stick":3,"botania:purple_double_flower":1,"botania:gray_double_flower":2,"minecraft:composter":2,"minecraft:gravel":2,"quark:pink_blossom_sapling":1,"minecraft:sand":23,"minecraft:stripped_spruce_log":1,"minecraft:spruce_sapling":2,"minecraft:grass_block":448,"minecraft:carrot":4,"minecraft:light_blue_bed":1,"minecraft:dark_oak_log":6,"minecraft:spider_eye":1,"quark:lavender_blossom_sapling":1,"minecraft:rotten_flesh":4,"immersiveengineering:seed":10,"quark:orange_blossom_sapling":1,"minecraft:bone_meal":32,"farmersdelight:rice_bag":1,"minecraft:oak_sapling":2,"farmersdelight:stove":1},"minecraft:custom":{"lootr:looted_stat":9,"minecraft:mob_kills":7,"minecraft:interact_with_crafting_table":9,"minecraft:open_barrel":12,"minecraft:leave_game":1,"minecraft:time_since_death":98726,"minecraft:climb_one_cm":334,"minecraft:time_since_rest":98726,"minecraft:open_enderchest":1,"minecraft:sprint_one_cm":295806,"minecraft:damage_taken":417,"minecraft:walk_one_cm":485619,"minecraft:drop":7,"minecraft:damage_dealt":1917,"minecraft:fly_one_cm":64563,"minecraft:open_chest":13,"minecraft:crouch_one_cm":138716,"minecraft:play_time":98726,"tombstone:undead_killed":2,"minecraft:sneak_time":27036,"minecraft:walk_under_water_one_cm":8724,"minecraft:jump":688,"minecraft:walk_on_water_one_cm":3372,"minecraft:total_world_time":98726,"minecraft:fall_one_cm":9821},"minecraft:dropped":{"minecraft:wheat_seeds":1,"botania:black_mystical_flower":3,"paraglider:spirit_orb":1,"minecraft:filled_map":1,"born_in_chaos_v1:corpse_maggot":1,"minecraft:iron_axe":1,"minecraft:egg":1},"minecraft:killed":{"naturalist:snake":1,"minecraft:spider":2,"born_in_chaos_v1:decrepit_skeleton":2,"naturalist:snail":1,"born_in_chaos_v1:corpse_fly":1},"minecraft:mined":{"botania:red_mystical_flower":2,"farmersdelight:wild_carrots":4,"minecraft:dark_oak_log":6,"minecraft:clay":9,"minecraft:crafting_table":1,"minecraft:grass_block":430,"botania:purple_double_flower":1,"minecraft:chest":1,"minecraft:glass":1,"minecraft:tall_grass":4,"minecraft:composter":2,"minecraft:spawner":3,"botania:cyan_mystical_flower":3,"botania:purple_mystical_flower":1,"botania:magenta_mystical_flower":1,"minecraft:light_blue_bed":1,"minecraft:stripped_spruce_log":1,"minecraft:brown_bed":1,"minecraft:grass":21,"minecraft:oak_log":8,"botania:gray_double_flower":2,"minecraft:sand":46,"minecraft:gravel":2,"minecraft:dirt":162,"botania:gray_mystical_flower":2,"minecraft:cobweb":2,"minecraft:oak_leaves":13},"minecraft:crafted":{"minecraft:oak_planks":8,"minecraft:wooden_shovel":1,"minecraft:coal":1,"minecraft:crafting_table":1,"minecraft:air":65,"minecraft:stick":12,"quark:oak_chest":2,"minecraft:dark_oak_planks":6,"minecraft:torch":36},"minecraft:used":{"minecraft:iron_shovel":650,"minecraft:iron_sword":32,"minecraft:wooden_shovel":14,"minecraft:torch":28,"minecraft:dirt":492,"elevatorid:elevator_black":2,"minecraft:crafting_table":2,"minecraft:iron_hoe":3,"minecraft:grass_block":847,"minecraft:iron_axe":44,"minecraft:iron_pickaxe":4,"quark:oak_chest":2,"minecraft:cooked_beef":3}},"DataVersion":3120}