{"stats":{"minecraft:picked_up":{"minecraft:crafting_table":1,"minecraft:clay_ball":36,"elevatorid:elevator_black":1,"farmersdelight:cutting_board":1,"minecraft:string":5,"minecraft:iron_axe":1,"botania:magenta_mystical_flower":1,"thermal:sulfur":18,"quark:pink_blossom_leaves":169,"mysticalagriculture:inferium_essence":1,"quark:blue_blossom_leaves":2,"quark:yellow_blossom_sapling":1,"minecraft:sugar_cane":7,"minecraft:chest":1,"minecraft:birch_sapling":5,"minecraft:egg":2,"minecraft:stick":5,"minecraft:raw_iron":28,"minecraft:composter":2,"minecraft:oak_fence":14,"minecraft:torch":142,"quark:blossom_log":59,"quark:pink_blossom_sapling":19,"werewolves:raw_silver":2,"minecraft:carrot":4,"minecraft:light_blue_bed":1,"quark:blossom_planks":15,"quark:lavender_blossom_sapling":1,"minecraft:rotten_flesh":4,"quark:orange_blossom_sapling":1,"minecraft:cobblestone":14,"minecraft:birch_log":10,"born_in_chaos_v1:corpse_maggot":1,"botania:light_gray_mushroom":1,"paraglider:spirit_orb":5,"butchersdelight:deadpig":8,"minecraft:oak_log":8,"minecraft:cobblestone_wall":15,"farmersdelight:skillet":1,"quark:lavender_blossom_leaves":4,"minecraft:lapis_lazuli":48,"minecraft:dirt":954,"botania:black_mystical_flower":4,"botania:yellow_mushroom":1,"butchersdelight:deadchiken":1,"minecraft:bone":3,"botania:cyan_mystical_flower":3,"farmersdelight:iron_knife":1,"farmersdelight:cooking_pot":1,"minecraft:wheat_seeds":16,"botania:purple_mystical_flower":1,"spore:mutated_fiber":6,"botania:gray_mystical_flower":2,"quark:blue_blossom_sapling":1,"farmersdelight:basket":1,"botania:purple_double_flower":1,"botania:red_mystical_flower":2,"botania:gray_double_flower":2,"minecraft:gravel":2,"minecraft:sand":26,"minecraft:stripped_spruce_log":1,"minecraft:spruce_sapling":2,"minecraft:grass_block":448,"minecraft:dark_oak_log":6,"minecraft:spider_eye":1,"minecraft:iron_hoe":1,"immersiveengineering:seed":16,"minecraft:bone_meal":32,"farmersdelight:rice_bag":1,"minecraft:oak_sapling":2,"farmersdelight:stove":1,"minecraft:coal":26},"minecraft:custom":{"lootr:looted_stat":9,"minecraft:mob_kills":7,"minecraft:interact_with_crafting_table":23,"minecraft:open_barrel":12,"minecraft:leave_game":1,"minecraft:time_since_death":188726,"minecraft:climb_one_cm":334,"minecraft:sprint_one_cm":1168807,"minecraft:walk_one_cm":692585,"minecraft:drop":7,"minecraft:play_time":188726,"minecraft:sneak_time":27810,"minecraft:walk_under_water_one_cm":9201,"minecraft:jump":1314,"minecraft:walk_on_water_one_cm":6842,"minecraft:total_world_time":188726,"minecraft:interact_with_furnace":5,"minecraft:interact_with_stonecutter":4,"minecraft:time_since_rest":188726,"minecraft:open_enderchest":1,"minecraft:damage_taken":778,"minecraft:damage_dealt":2017,"minecraft:swim_one_cm":1618,"minecraft:fly_one_cm":158308,"minecraft:open_chest":34,"minecraft:crouch_one_cm":140420,"tombstone:undead_killed":2,"minecraft:fall_one_cm":18749},"minecraft:broken":{"minecraft:iron_shovel":1},"minecraft:dropped":{"minecraft:wheat_seeds":1,"botania:black_mystical_flower":3,"paraglider:spirit_orb":1,"minecraft:iron_axe":1,"minecraft:filled_map":1,"born_in_chaos_v1:corpse_maggot":1,"minecraft:egg":1},"minecraft:killed":{"minecraft:spider":2,"naturalist:snail":1,"naturalist:snake":1,"born_in_chaos_v1:decrepit_skeleton":2,"born_in_chaos_v1:corpse_fly":1},"minecraft:mined":{"quark:pink_blossom_sapling":1,"botania:red_mystical_flower":2,"thermal:sulfur_ore":5,"farmersdelight:wild_carrots":4,"minecraft:dark_oak_log":6,"quark:blue_blossom_leaves":3,"minecraft:grass_block":781,"minecraft:composter":2,"minecraft:spawner":3,"botania:purple_mystical_flower":1,"botania:magenta_mystical_flower":1,"botania:light_gray_mushroom":1,"quark:pink_blossom_leaves":394,"minecraft:iron_ore":28,"minecraft:stripped_spruce_log":1,"quark:blossom_planks":15,"minecraft:brown_bed":1,"botania:yellow_mushroom":1,"minecraft:stone":6,"quark:lavender_blossom_leaves":5,"minecraft:oak_fence":16,"minecraft:crafting_table":1,"minecraft:clay":9,"minecraft:torch":8,"botania:purple_double_flower":1,"minecraft:chest":1,"quark:blossom_log":62,"minecraft:glass":1,"minecraft:tall_grass":11,"minecraft:cobblestone":8,"minecraft:deepslate_coal_ore":1,"minecraft:lapis_ore":6,"minecraft:sugar_cane":3,"minecraft:wall_torch":1,"botania:black_mystical_flower":1,"botania:cyan_mystical_flower":3,"minecraft:light_blue_bed":1,"minecraft:cobblestone_wall":15,"minecraft:birch_log":10,"minecraft:birch_leaves":2,"minecraft:grass":51,"minecraft:oak_log":8,"minecraft:coal_ore":25,"botania:gray_double_flower":2,"minecraft:gravel":2,"minecraft:sand":49,"minecraft:dirt":273,"botania:gray_mystical_flower":2,"minecraft:cobweb":2,"elevatorid:elevator_black":1,"minecraft:oak_leaves":13,"werewolves:silver_ore":2},"minecraft:crafted":{"minecraft:oak_planks":312,"minecraft:coal":19,"minecraft:furnace":1,"minecraft:stone":3,"minecraft:cobblestone_wall":2,"minecraft:dark_oak_planks":6,"minecraft:oak_fence":144,"minecraft:wooden_shovel":1,"quark:blossom_planks":59,"minecraft:crafting_table":1,"minecraft:air":301,"minecraft:oak_fence_gate":3,"minecraft:stick":164,"quark:oak_chest":2,"minecraft:iron_shovel":2,"minecraft:stonecutter":1,"minecraft:torch":172,"minecraft:shears":1},"minecraft:used":{"minecraft:oak_fence":87,"minecraft:iron_shovel":1099,"farmersdelight:cabbage_seeds":8,"minecraft:iron_sword":36,"minecraft:wooden_shovel":14,"minecraft:torch":255,"minecraft:dirt":844,"quark:yellow_blossom_sapling":1,"elevatorid:elevator_black":3,"minecraft:cobblestone_wall":248,"quark:lavender_blossom_sapling":1,"minecraft:oak_fence_gate":3,"minecraft:iron_hoe":114,"minecraft:iron_axe":256,"minecraft:grass_block":911,"quark:blue_blossom_sapling":1,"minecraft:furnace":1,"minecraft:beetroot_seeds":8,"quark:blossom_planks":251,"minecraft:cooked_beef":7,"farmersdelight:tomato_seeds":8,"quark:pink_blossom_sapling":4,"quark:orange_blossom_sapling":1,"minecraft:wheat_seeds":8,"minecraft:water_bucket":6,"minecraft:composter":2,"minecraft:stonecutter":1,"farmersdelight:onion":8,"minecraft:crafting_table":2,"farmersdelight:rice":6,"minecraft:shears":193,"minecraft:pumpkin_seeds":8,"minecraft:apple":3,"minecraft:iron_pickaxe":102,"minecraft:cobblestone":20,"minecraft:bucket":5,"minecraft:birch_log":3,"quark:oak_chest":2,"minecraft:bone_meal":28}},"DataVersion":3120}