{"stats":{"minecraft:picked_up":{"minecraft:crafting_table":1,"minecraft:clay_ball":36,"elevatorid:elevator_black":1,"farmersdelight:cutting_board":1,"minecraft:string":5,"minecraft:iron_axe":1,"botania:magenta_mystical_flower":1,"thermal:sulfur":18,"quark:pink_blossom_leaves":169,"mysticalagriculture:inferium_essence":1,"quark:blue_blossom_leaves":2,"quark:yellow_blossom_sapling":1,"minecraft:chest":1,"minecraft:birch_sapling":5,"minecraft:egg":1,"minecraft:stick":5,"minecraft:raw_iron":28,"minecraft:composter":2,"minecraft:oak_fence":14,"minecraft:torch":131,"quark:blossom_log":59,"quark:pink_blossom_sapling":19,"werewolves:raw_silver":2,"minecraft:carrot":4,"minecraft:light_blue_bed":1,"quark:blossom_planks":14,"quark:lavender_blossom_sapling":1,"minecraft:rotten_flesh":4,"quark:orange_blossom_sapling":1,"minecraft:cobblestone":14,"minecraft:birch_log":10,"born_in_chaos_v1:corpse_maggot":1,"botania:light_gray_mushroom":1,"paraglider:spirit_orb":5,"butchersdelight:deadpig":7,"minecraft:oak_log":8,"minecraft:cobblestone_wall":2,"farmersdelight:skillet":1,"quark:lavender_blossom_leaves":4,"minecraft:lapis_lazuli":48,"minecraft:dirt":557,"botania:black_mystical_flower":3,"botania:yellow_mushroom":1,"butchersdelight:deadchiken":1,"minecraft:bone":3,"botania:cyan_mystical_flower":3,"farmersdelight:iron_knife":1,"farmersdelight:cooking_pot":1,"minecraft:wheat_seeds":5,"botania:purple_mystical_flower":1,"spore:mutated_fiber":6,"botania:gray_mystical_flower":2,"quark:blue_blossom_sapling":1,"farmersdelight:basket":1,"botania:purple_double_flower":1,"botania:red_mystical_flower":2,"botania:gray_double_flower":2,"minecraft:gravel":2,"minecraft:sand":23,"minecraft:stripped_spruce_log":1,"minecraft:spruce_sapling":2,"minecraft:grass_block":448,"minecraft:dark_oak_log":6,"minecraft:spider_eye":1,"minecraft:iron_hoe":1,"immersiveengineering:seed":10,"minecraft:bone_meal":32,"farmersdelight:rice_bag":1,"minecraft:oak_sapling":2,"farmersdelight:stove":1,"minecraft:coal":26},"minecraft:custom":{"lootr:looted_stat":9,"minecraft:mob_kills":7,"minecraft:interact_with_crafting_table":18,"minecraft:open_barrel":12,"minecraft:leave_game":1,"minecraft:time_since_death":152726,"minecraft:climb_one_cm":334,"minecraft:sprint_one_cm":777555,"minecraft:walk_one_cm":601320,"minecraft:drop":7,"minecraft:play_time":152726,"minecraft:sneak_time":27240,"minecraft:walk_under_water_one_cm":9201,"minecraft:jump":1087,"minecraft:walk_on_water_one_cm":6842,"minecraft:total_world_time":152726,"minecraft:interact_with_furnace":4,"minecraft:interact_with_stonecutter":1,"minecraft:time_since_rest":152726,"minecraft:open_enderchest":1,"minecraft:damage_taken":765,"minecraft:damage_dealt":1917,"minecraft:swim_one_cm":1618,"minecraft:fly_one_cm":113764,"minecraft:open_chest":28,"minecraft:crouch_one_cm":139199,"tombstone:undead_killed":2,"minecraft:fall_one_cm":14362},"minecraft:dropped":{"minecraft:wheat_seeds":1,"botania:black_mystical_flower":3,"paraglider:spirit_orb":1,"minecraft:iron_axe":1,"minecraft:filled_map":1,"born_in_chaos_v1:corpse_maggot":1,"minecraft:egg":1},"minecraft:killed":{"minecraft:spider":2,"naturalist:snail":1,"naturalist:snake":1,"born_in_chaos_v1:decrepit_skeleton":2,"born_in_chaos_v1:corpse_fly":1},"minecraft:mined":{"quark:pink_blossom_sapling":1,"botania:red_mystical_flower":2,"thermal:sulfur_ore":5,"farmersdelight:wild_carrots":4,"minecraft:dark_oak_log":6,"quark:blue_blossom_leaves":3,"minecraft:grass_block":450,"minecraft:composter":2,"minecraft:spawner":3,"botania:purple_mystical_flower":1,"botania:magenta_mystical_flower":1,"botania:light_gray_mushroom":1,"quark:pink_blossom_leaves":394,"minecraft:iron_ore":28,"minecraft:stripped_spruce_log":1,"quark:blossom_planks":14,"minecraft:brown_bed":1,"botania:yellow_mushroom":1,"minecraft:stone":6,"quark:lavender_blossom_leaves":5,"minecraft:oak_fence":16,"minecraft:crafting_table":1,"minecraft:clay":9,"minecraft:torch":2,"botania:purple_double_flower":1,"minecraft:chest":1,"quark:blossom_log":62,"minecraft:glass":1,"minecraft:tall_grass":4,"minecraft:cobblestone":8,"minecraft:deepslate_coal_ore":1,"minecraft:lapis_ore":6,"botania:cyan_mystical_flower":3,"minecraft:light_blue_bed":1,"minecraft:cobblestone_wall":2,"minecraft:birch_log":10,"minecraft:birch_leaves":2,"minecraft:grass":21,"minecraft:oak_log":8,"minecraft:coal_ore":25,"botania:gray_double_flower":2,"minecraft:gravel":2,"minecraft:sand":46,"minecraft:dirt":206,"botania:gray_mystical_flower":2,"minecraft:cobweb":2,"elevatorid:elevator_black":1,"minecraft:oak_leaves":13,"werewolves:silver_ore":2},"minecraft:crafted":{"minecraft:oak_planks":312,"minecraft:coal":19,"minecraft:furnace":1,"minecraft:stone":3,"minecraft:dark_oak_planks":6,"minecraft:oak_fence":144,"minecraft:wooden_shovel":1,"quark:blossom_planks":59,"minecraft:crafting_table":1,"minecraft:air":301,"minecraft:oak_fence_gate":3,"minecraft:stick":164,"quark:oak_chest":2,"minecraft:stonecutter":1,"minecraft:torch":172,"minecraft:shears":1},"minecraft:used":{"minecraft:oak_fence":87,"minecraft:iron_shovel":691,"minecraft:iron_sword":32,"minecraft:wooden_shovel":14,"minecraft:torch":203,"minecraft:dirt":495,"quark:yellow_blossom_sapling":1,"elevatorid:elevator_black":3,"minecraft:cobblestone_wall":2,"quark:lavender_blossom_sapling":1,"minecraft:oak_fence_gate":3,"minecraft:iron_hoe":66,"minecraft:iron_axe":254,"minecraft:grass_block":870,"quark:blue_blossom_sapling":1,"minecraft:furnace":1,"quark:blossom_planks":242,"minecraft:cooked_beef":7,"quark:pink_blossom_sapling":4,"quark:orange_blossom_sapling":1,"minecraft:stonecutter":1,"minecraft:crafting_table":2,"minecraft:shears":193,"minecraft:apple":3,"minecraft:iron_pickaxe":89,"minecraft:cobblestone":20,"minecraft:birch_log":3,"quark:oak_chest":2,"minecraft:bone_meal":28}},"DataVersion":3120}