{"stats":{"minecraft:picked_up":{"minecraft:enchanted_book":7},"minecraft:custom":{"minecraft:jump":66,"minecraft:open_chest":13,"minecraft:time_since_rest":6181,"minecraft:crouch_one_cm":880,"minecraft:sprint_one_cm":10432,"minecraft:leave_game":1,"minecraft:play_time":6181,"minecraft:open_enderchest":1,"minecraft:time_since_death":6181,"minecraft:walk_one_cm":5888,"minecraft:sneak_time":74,"minecraft:total_world_time":6181,"minecraft:fall_one_cm":1672,"minecraft:fly_one_cm":38188},"minecraft:mined":{"minecraft:grass":1}},"DataVersion":3120}