{"stats":{"minecraft:picked_up":{"sophisticatedbackpacks:gold_backpack":1,"minecraft:crafting_table":1,"immersiveengineering:connector_lv":8,"minecraft:cooked_beef":64,"minecraft:redstone_block":32,"farmersdelight:rice":32,"born_in_chaos_v1:river_mint":6,"minecraft:andesite":15,"immersiveengineering:coal_coke":32,"minecraft:smithing_table":1,"tconstruct:materials_and_you":1,"immersiveengineering:dynamo":1,"minecraft:enchanted_book":13,"paraglider:spirit_orb":2,"create:raw_zinc":1,"minecraft:oak_log":192,"immersiveengineering:blastbrick":27,"born_in_chaos_v1:black_argillite_button":1,"born_in_chaos_v1:black_argillite_column":4,"born_in_chaos_v1:black_argillite":3,"tombstone:voodoo_poppet":1,"minecraft:lapis_block":32,"immersiveengineering:connector_lv_relay":8,"immersiveengineering:manual":1,"minecraft:dirt":11,"minecraft:raw_copper":37,"minecraft:leather_boots":1,"minecraft:netherite_ingot":2,"immersiveengineering:cokebrick":27,"immersiveengineering:windmill":1,"minecraft:wheat_seeds":38,"minecraft:cobbled_deepslate":80,"guideapi_vp:vampirism-guidebook":1,"minecraft:iron_ingot":40,"born_in_chaos_v1:chipped_black_argillite_brick":1,"advancednetherite:netherite_iron_pickaxe":1,"minecraft:iron_pickaxe":1,"minecraft:sugar_cane":5,"minecraft:coal_block":31,"minecraft:chest":3,"minecraft:oak_planks":225,"farmersdelight:cabbage_seeds":32,"minecraft:furnace":1,"immersiveengineering:raw_uranium":25,"minecraft:stick":2,"minecraft:raw_iron":24,"minecraft:raw_gold_block":32,"minecraft:oak_door":3,"minecraft:torch":32,"immersiveengineering:raw_aluminum":50,"minecraft:raw_iron_block":32,"minecraft:gravel":129,"minecraft:sand":256,"werewolves:raw_silver":1,"farmersdelight:tomato_seeds":32,"born_in_chaos_v1:black_argillite_brick_stairs":1,"tombstone:grave_dust":32,"minecraft:diorite":11,"minecraft:carrot":11,"quark:oak_chest":2,"minecraft:clay":128,"immersiveengineering:seed":36,"minecraft:diamond":34,"minecraft:beetroot_seeds":32,"immersiveengineering:wirecoil_copper":8,"tombstone:fishing_rod_of_misadventure":3,"minecraft:granite":23,"tombstone:essence_of_undeath":16,"minecraft:damaged_anvil":3,"minecraft:cod":2,"minecraft:coal":34,"minecraft:cobblestone":118},"minecraft:custom":{"minecraft:interact_with_smithing_table":2,"lootr:looted_stat":14,"minecraft:interact_with_furnace":10,"minecraft:interact_with_anvil":6,"minecraft:interact_with_crafting_table":12,"minecraft:open_barrel":11,"minecraft:leave_game":1,"minecraft:time_since_death":60181,"minecraft:time_since_rest":60181,"minecraft:sprint_one_cm":148940,"minecraft:open_enderchest":4,"minecraft:damage_taken":110,"minecraft:walk_one_cm":261643,"minecraft:drop":9,"minecraft:damage_dealt":15,"minecraft:swim_one_cm":14392,"minecraft:talked_to_villager":1,"minecraft:fly_one_cm":209048,"minecraft:open_chest":119,"minecraft:crouch_one_cm":91572,"minecraft:play_time":60181,"minecraft:sneak_time":9791,"minecraft:walk_under_water_one_cm":2655,"minecraft:jump":524,"minecraft:walk_on_water_one_cm":5114,"minecraft:total_world_time":60181,"minecraft:fish_caught":2,"minecraft:fall_one_cm":10982,"minecraft:horse_one_cm":769},"minecraft:dropped":{"minecraft:grass_block":7,"minecraft:dirt":1,"minecraft:leather_boots":1},"minecraft:mined":{"create:zinc_ore":1,"minecraft:smithing_table":1,"minecraft:diamond_ore":5,"minecraft:oak_door":2,"quark:oak_chest":2,"farmersdelight:wild_carrots":11,"minecraft:crafting_table":1,"minecraft:granite":23,"minecraft:grass_block":5,"born_in_chaos_v1:black_argillite":3,"minecraft:chest":3,"minecraft:coal_block":1,"minecraft:copper_ore":5,"minecraft:cobblestone":4,"born_in_chaos_v1:chipped_black_argillite_brick":1,"minecraft:sugar_cane":2,"minecraft:oak_planks":165,"minecraft:damaged_anvil":3,"minecraft:diorite":11,"minecraft:spawner":1,"immersiveengineering:deepslate_ore_uranium":10,"born_in_chaos_v1:black_argillite_column":4,"minecraft:furnace":1,"minecraft:iron_ore":9,"born_in_chaos_v1:black_argillite_brick_stairs":1,"minecraft:andesite":15,"born_in_chaos_v1:river_mint":3,"minecraft:grass":13,"minecraft:coal_ore":24,"minecraft:gravel":1,"minecraft:dirt":5,"minecraft:stone":115,"immersiveengineering:ore_aluminum":19,"werewolves:silver_ore":1,"minecraft:deepslate":80},"minecraft:crafted":{"minecraft:oak_door":3,"advancednetherite:netherite_iron_ingot":1,"immersiveengineering:hammer":1,"minecraft:oak_planks":64,"minecraft:coal":6,"minecraft:crafting_table":2,"tombstone:decorative_grave_simple":9,"minecraft:smithing_table":1,"minecraft:furnace":1,"minecraft:stone":32,"minecraft:air":352,"minecraft:diamond_pickaxe":1,"minecraft:stick":6,"quark:oak_chest":2,"tombstone:dark_marble":27,"minecraft:torch":8},"minecraft:used":{"minecraft:damaged_anvil":3,"advancednetherite:netherite_iron_pickaxe":58,"minecraft:oak_planks":165,"minecraft:chest":3,"tombstone:fishing_rod_of_misadventure":3,"minecraft:oak_door":2,"born_in_chaos_v1:black_argillite_brick_stairs":1,"minecraft:torch":27,"minecraft:dirt":4,"elevatorid:elevator_black":2,"minecraft:crafting_table":2,"immersiveengineering:cokebrick":27,"immersiveengineering:hammer":2,"tombstone:decorative_grave_simple":9,"born_in_chaos_v1:chipped_black_argillite_brick":1,"born_in_chaos_v1:black_argillite_button":1,"born_in_chaos_v1:black_argillite_column":4,"minecraft:iron_axe":173,"minecraft:grass_block":505,"minecraft:iron_pickaxe":284,"minecraft:iron_helmet":1,"minecraft:coal_block":1,"minecraft:cobblestone":33,"minecraft:furnace":2,"minecraft:smithing_table":1,"minecraft:andesite":7,"tombstone:gift":1,"quark:oak_chest":4,"immersiveengineering:blastbrick":27,"minecraft:experience_bottle":5}},"DataVersion":3120}