{"stats":{"minecraft:picked_up":{"sophisticatedbackpacks:gold_backpack":1,"minecraft:crafting_table":1,"minecraft:redstone_block":32,"born_in_chaos_v1:river_mint":6,"immersiveengineering:coal_coke":32,"minecraft:smithing_table":1,"tconstruct:materials_and_you":1,"minecraft:brown_bed":1,"minecraft:enchanted_book":13,"immersiveengineering:blastbrick":27,"immersiveengineering:manual":1,"born_in_chaos_v1:black_argillite":3,"minecraft:lapis_block":32,"born_in_chaos_v1:black_argillite_column":4,"minecraft:raw_copper":37,"minecraft:netherite_ingot":2,"minecraft:pufferfish":3,"immersiveengineering:windmill":2,"minecraft:cobbled_deepslate":80,"minecraft:cobblestone_slab":4,"minecraft:iron_pickaxe":1,"minecraft:coal_block":31,"minecraft:sugar_cane":10,"minecraft:chest":3,"farmersdelight:cabbage_seeds":32,"minecraft:furnace":1,"minecraft:stick":3,"minecraft:raw_iron":24,"minecraft:raw_gold_block":32,"minecraft:oak_door":3,"minecraft:torch":36,"farmersdelight:tomato_seeds":32,"werewolves:raw_silver":1,"tombstone:grave_dust":32,"minecraft:diorite":11,"minecraft:carrot":11,"born_in_chaos_v1:black_argillite_brick_stairs":1,"tombstone:lost_tablet":1,"minecraft:tropical_fish":1,"minecraft:beetroot_seeds":32,"tombstone:fishing_rod_of_misadventure":3,"tombstone:essence_of_undeath":16,"minecraft:cod":9,"minecraft:cobblestone":118,"immersiveengineering:connector_lv":8,"minecraft:cooked_beef":64,"farmersdelight:rice":32,"minecraft:tripwire_hook":1,"minecraft:salmon":1,"minecraft:andesite":15,"minecraft:leather":1,"immersiveengineering:dynamo":2,"paraglider:spirit_orb":2,"create:raw_zinc":1,"minecraft:oak_log":192,"minecraft:lily_pad":2,"born_in_chaos_v1:black_argillite_button":1,"tombstone:voodoo_poppet":1,"immersiveengineering:connector_lv_relay":8,"minecraft:dirt":12,"minecraft:leather_boots":3,"minecraft:bone":1,"immersiveengineering:cokebrick":27,"minecraft:wheat_seeds":38,"guideapi_vp:vampirism-guidebook":1,"minecraft:iron_ingot":40,"born_in_chaos_v1:chipped_black_argillite_brick":1,"advancednetherite:netherite_iron_pickaxe":1,"minecraft:oak_planks":231,"immersiveengineering:raw_uranium":25,"minecraft:raw_iron_block":32,"minecraft:gravel":129,"minecraft:sand":256,"immersiveengineering:raw_aluminum":50,"quark:oak_chest":2,"minecraft:clay":128,"minecraft:diamond":34,"immersiveengineering:seed":36,"immersiveengineering:wirecoil_copper":8,"minecraft:granite":23,"minecraft:damaged_anvil":3,"minecraft:coal":34},"minecraft:custom":{"minecraft:interact_with_smithing_table":2,"lootr:looted_stat":14,"minecraft:interact_with_anvil":6,"minecraft:interact_with_crafting_table":23,"minecraft:open_barrel":11,"minecraft:leave_game":1,"minecraft:time_since_death":84181,"minecraft:sprint_one_cm":270500,"minecraft:walk_one_cm":325534,"minecraft:drop":18,"minecraft:talked_to_villager":1,"minecraft:play_time":84181,"minecraft:sneak_time":10484,"minecraft:walk_under_water_one_cm":2756,"minecraft:jump":735,"minecraft:walk_on_water_one_cm":6175,"minecraft:total_world_time":84181,"minecraft:interact_with_furnace":21,"minecraft:time_since_rest":84181,"minecraft:open_enderchest":4,"minecraft:damage_taken":110,"minecraft:damage_dealt":15,"minecraft:swim_one_cm":15244,"minecraft:fly_one_cm":326976,"minecraft:open_chest":166,"minecraft:crouch_one_cm":95269,"minecraft:fish_caught":15,"minecraft:fall_one_cm":12445,"minecraft:horse_one_cm":769},"minecraft:dropped":{"minecraft:tropical_fish":1,"minecraft:grass_block":7,"minecraft:cod":7,"minecraft:pufferfish":3,"minecraft:dirt":1,"minecraft:tripwire_hook":1,"minecraft:lily_pad":2,"minecraft:bone":1,"minecraft:salmon":1,"minecraft:leather_boots":3},"minecraft:mined":{"create:zinc_ore":1,"minecraft:diamond_ore":5,"minecraft:oak_door":2,"farmersdelight:wild_carrots":11,"minecraft:granite":23,"immersiveengineering:windmill":1,"minecraft:grass_block":6,"born_in_chaos_v1:black_argillite":3,"minecraft:coal_block":1,"minecraft:spawner":1,"immersiveengineering:deepslate_ore_uranium":10,"born_in_chaos_v1:black_argillite_column":4,"immersiveengineering:dynamo":1,"minecraft:furnace":1,"minecraft:iron_ore":9,"born_in_chaos_v1:black_argillite_brick_stairs":1,"minecraft:andesite":15,"minecraft:brown_bed":1,"minecraft:cobblestone_slab":4,"minecraft:stone":115,"immersiveengineering:ore_aluminum":19,"minecraft:smithing_table":1,"quark:oak_chest":2,"minecraft:crafting_table":1,"minecraft:chest":3,"minecraft:copper_ore":5,"minecraft:cobblestone":4,"born_in_chaos_v1:chipped_black_argillite_brick":1,"minecraft:oak_planks":171,"minecraft:sugar_cane":6,"minecraft:damaged_anvil":3,"minecraft:diorite":11,"born_in_chaos_v1:river_mint":3,"minecraft:grass":13,"minecraft:coal_ore":24,"minecraft:gravel":1,"minecraft:dirt":5,"werewolves:silver_ore":1,"minecraft:deepslate":80},"minecraft:crafted":{"minecraft:oak_door":3,"minecraft:oak_planks":64,"immersiveengineering:hammer":1,"minecraft:cobblestone_slab":12,"minecraft:coal":10,"immersiveengineering:slab_sheetmetal_iron":6,"immersiveengineering:fluid_pipe":8,"minecraft:furnace":1,"minecraft:stone":32,"minecraft:lever":1,"immersiveengineering:sheetmetal_iron":8,"immersiveengineering:workbench":1,"immersiveengineering:cloche":1,"minecraft:glass":8,"immersiveengineering:treated_fence":3,"immersiveengineering:treated_wood_horizontal":16,"immersiveengineering:component_iron":1,"immersiveengineering:ingot_aluminum":50,"advancednetherite:netherite_iron_ingot":1,"immersiveengineering:metal_barrel":1,"minecraft:crafting_table":3,"tombstone:decorative_grave_simple":9,"immersiveengineering:slab_treated_wood_horizontal":6,"minecraft:smithing_table":1,"minecraft:copper_ingot":37,"immersiveengineering:blueprint":1,"minecraft:air":466,"minecraft:blue_dye":3,"minecraft:paper":6,"minecraft:diamond_pickaxe":1,"minecraft:stick":9,"quark:oak_chest":2,"tombstone:dark_marble":27,"immersiveengineering:stick_treated":8,"immersiveengineering:plate_iron":18,"minecraft:torch":22,"minecraft:lapis_lazuli":1,"immersiveengineering:craftingtable":1},"minecraft:used":{"advancednetherite:netherite_iron_pickaxe":58,"minecraft:chest":3,"tombstone:fishing_rod_of_misadventure":27,"minecraft:oak_door":2,"minecraft:torch":46,"minecraft:dirt":5,"elevatorid:elevator_black":2,"immersiveengineering:metal_barrel":1,"immersiveengineering:fluid_pipe":4,"minecraft:carrot":1,"immersiveengineering:connector_lv":1,"immersiveengineering:cokebrick":27,"tombstone:decorative_grave_simple":9,"born_in_chaos_v1:chipped_black_argillite_brick":1,"born_in_chaos_v1:black_argillite_button":1,"immersiveengineering:connector_lv_relay":1,"immersiveengineering:windmill":2,"immersiveengineering:workbench":1,"minecraft:grass_block":505,"minecraft:iron_axe":180,"minecraft:iron_helmet":1,"minecraft:furnace":2,"tombstone:gift":1,"immersiveengineering:blastbrick":27,"immersiveengineering:dynamo":2,"immersiveengineering:cloche":1,"minecraft:water_bucket":4,"minecraft:damaged_anvil":3,"minecraft:oak_planks":171,"minecraft:cobblestone_slab":12,"minecraft:sugar_cane":2,"born_in_chaos_v1:black_argillite_brick_stairs":1,"minecraft:crafting_table":2,"minecraft:lever":1,"immersiveengineering:hammer":7,"born_in_chaos_v1:black_argillite_column":4,"minecraft:iron_pickaxe":289,"minecraft:coal_block":1,"minecraft:cobblestone":33,"minecraft:smithing_table":1,"minecraft:bucket":11,"minecraft:andesite":7,"quark:oak_chest":4,"immersiveengineering:wirecoil_copper":2,"minecraft:experience_bottle":5}},"DataVersion":3120}