{"stats":{"minecraft:picked_up":{"sophisticatedbackpacks:gold_backpack":1,"minecraft:stick":2,"minecraft:oak_door":1,"born_in_chaos_v1:river_mint":3,"minecraft:torch":28,"minecraft:smithing_table":1,"tconstruct:materials_and_you":1,"minecraft:enchanted_book":13,"quark:oak_chest":2,"minecraft:dirt":5,"immersiveengineering:seed":3,"minecraft:wheat_seeds":5,"guideapi_vp:vampirism-guidebook":1,"tombstone:fishing_rod_of_misadventure":2,"minecraft:iron_ingot":40,"advancednetherite:netherite_iron_pickaxe":1,"minecraft:iron_pickaxe":1,"minecraft:damaged_anvil":2,"minecraft:coal":10,"minecraft:oak_planks":63,"minecraft:furnace":1},"minecraft:custom":{"minecraft:time_since_rest":30181,"minecraft:interact_with_smithing_table":2,"minecraft:interact_with_furnace":1,"minecraft:open_enderchest":4,"lootr:looted_stat":9,"minecraft:sprint_one_cm":62459,"minecraft:walk_one_cm":137591,"minecraft:interact_with_anvil":2,"minecraft:drop":8,"minecraft:damage_dealt":15,"minecraft:talked_to_villager":1,"minecraft:interact_with_crafting_table":7,"minecraft:fly_one_cm":127686,"minecraft:open_barrel":11,"minecraft:open_chest":55,"minecraft:crouch_one_cm":70881,"minecraft:play_time":30181,"minecraft:sneak_time":5318,"minecraft:jump":263,"minecraft:leave_game":1,"minecraft:time_since_death":30181,"minecraft:total_world_time":30181,"minecraft:fall_one_cm":4838,"minecraft:horse_one_cm":769},"minecraft:dropped":{"minecraft:dirt":1,"minecraft:grass_block":7},"minecraft:mined":{"minecraft:smithing_table":1,"minecraft:furnace":1,"quark:oak_chest":2,"born_in_chaos_v1:river_mint":3,"minecraft:grass":10,"minecraft:grass_block":4,"minecraft:oak_planks":5,"minecraft:damaged_anvil":2},"minecraft:crafted":{"advancednetherite:netherite_iron_ingot":1,"minecraft:oak_door":3,"minecraft:oak_planks":64,"minecraft:coal":2,"minecraft:diamond_pickaxe":1,"minecraft:crafting_table":1,"minecraft:stick":6,"quark:oak_chest":2,"minecraft:smithing_table":1,"minecraft:torch":8,"minecraft:air":315},"minecraft:used":{"minecraft:damaged_anvil":2,"minecraft:grass_block":505,"minecraft:iron_axe":7,"minecraft:oak_planks":165,"minecraft:iron_pickaxe":3,"minecraft:iron_helmet":1,"minecraft:oak_door":2,"minecraft:torch":4,"minecraft:dirt":2,"elevatorid:elevator_black":2,"minecraft:crafting_table":1,"minecraft:smithing_table":1,"quark:oak_chest":2}},"DataVersion":3120}