{"stats":{"minecraft:picked_up":{"sophisticatedbackpacks:gold_backpack":1,"minecraft:crafting_table":1,"minecraft:redstone_block":32,"born_in_chaos_v1:river_mint":6,"immersiveengineering:coal_coke":32,"minecraft:smithing_table":1,"tconstruct:materials_and_you":1,"minecraft:enchanted_book":13,"immersiveengineering:blastbrick":27,"immersiveengineering:manual":1,"born_in_chaos_v1:black_argillite":3,"minecraft:lapis_block":32,"born_in_chaos_v1:black_argillite_column":4,"minecraft:raw_copper":37,"minecraft:netherite_ingot":2,"minecraft:pufferfish":3,"immersiveengineering:windmill":1,"minecraft:cobbled_deepslate":80,"minecraft:iron_pickaxe":1,"minecraft:coal_block":31,"minecraft:sugar_cane":5,"minecraft:chest":3,"farmersdelight:cabbage_seeds":32,"minecraft:furnace":1,"minecraft:stick":3,"minecraft:raw_iron":24,"minecraft:raw_gold_block":32,"minecraft:oak_door":3,"minecraft:torch":32,"farmersdelight:tomato_seeds":32,"werewolves:raw_silver":1,"tombstone:grave_dust":32,"minecraft:diorite":11,"minecraft:carrot":11,"born_in_chaos_v1:black_argillite_brick_stairs":1,"tombstone:lost_tablet":1,"minecraft:tropical_fish":1,"minecraft:beetroot_seeds":32,"tombstone:fishing_rod_of_misadventure":3,"tombstone:essence_of_undeath":16,"minecraft:cod":8,"minecraft:cobblestone":118,"immersiveengineering:connector_lv":8,"minecraft:cooked_beef":64,"farmersdelight:rice":32,"minecraft:tripwire_hook":1,"minecraft:andesite":15,"minecraft:leather":1,"immersiveengineering:dynamo":1,"paraglider:spirit_orb":2,"create:raw_zinc":1,"minecraft:oak_log":192,"minecraft:lily_pad":1,"born_in_chaos_v1:black_argillite_button":1,"tombstone:voodoo_poppet":1,"immersiveengineering:connector_lv_relay":8,"minecraft:dirt":12,"minecraft:leather_boots":2,"minecraft:bone":1,"immersiveengineering:cokebrick":27,"minecraft:wheat_seeds":38,"guideapi_vp:vampirism-guidebook":1,"minecraft:iron_ingot":40,"born_in_chaos_v1:chipped_black_argillite_brick":1,"advancednetherite:netherite_iron_pickaxe":1,"minecraft:oak_planks":225,"immersiveengineering:raw_uranium":25,"minecraft:raw_iron_block":32,"minecraft:gravel":129,"minecraft:sand":256,"immersiveengineering:raw_aluminum":50,"quark:oak_chest":2,"minecraft:clay":128,"minecraft:diamond":34,"immersiveengineering:seed":36,"immersiveengineering:wirecoil_copper":8,"minecraft:granite":23,"minecraft:damaged_anvil":3,"minecraft:coal":34},"minecraft:custom":{"minecraft:interact_with_smithing_table":2,"lootr:looted_stat":14,"minecraft:interact_with_anvil":6,"minecraft:interact_with_crafting_table":17,"minecraft:open_barrel":11,"minecraft:leave_game":1,"minecraft:time_since_death":72181,"minecraft:sprint_one_cm":202039,"minecraft:walk_one_cm":289850,"minecraft:drop":9,"minecraft:talked_to_villager":1,"minecraft:play_time":72181,"minecraft:sneak_time":9977,"minecraft:walk_under_water_one_cm":2655,"minecraft:jump":612,"minecraft:walk_on_water_one_cm":5522,"minecraft:total_world_time":72181,"minecraft:interact_with_furnace":18,"minecraft:time_since_rest":72181,"minecraft:open_enderchest":4,"minecraft:damage_taken":110,"minecraft:damage_dealt":15,"minecraft:swim_one_cm":14392,"minecraft:fly_one_cm":257759,"minecraft:open_chest":141,"minecraft:crouch_one_cm":92996,"minecraft:fish_caught":12,"minecraft:fall_one_cm":11400,"minecraft:horse_one_cm":769},"minecraft:dropped":{"minecraft:grass_block":7,"minecraft:dirt":1,"minecraft:leather_boots":1},"minecraft:mined":{"create:zinc_ore":1,"minecraft:diamond_ore":5,"minecraft:oak_door":2,"farmersdelight:wild_carrots":11,"minecraft:granite":23,"minecraft:grass_block":6,"born_in_chaos_v1:black_argillite":3,"minecraft:coal_block":1,"minecraft:spawner":1,"immersiveengineering:deepslate_ore_uranium":10,"born_in_chaos_v1:black_argillite_column":4,"minecraft:furnace":1,"minecraft:iron_ore":9,"born_in_chaos_v1:black_argillite_brick_stairs":1,"minecraft:andesite":15,"minecraft:stone":115,"immersiveengineering:ore_aluminum":19,"minecraft:smithing_table":1,"quark:oak_chest":2,"minecraft:crafting_table":1,"minecraft:chest":3,"minecraft:copper_ore":5,"minecraft:cobblestone":4,"born_in_chaos_v1:chipped_black_argillite_brick":1,"minecraft:oak_planks":165,"minecraft:sugar_cane":2,"minecraft:damaged_anvil":3,"minecraft:diorite":11,"born_in_chaos_v1:river_mint":3,"minecraft:grass":13,"minecraft:coal_ore":24,"minecraft:gravel":1,"minecraft:dirt":5,"werewolves:silver_ore":1,"minecraft:deepslate":80},"minecraft:crafted":{"minecraft:oak_door":3,"minecraft:oak_planks":64,"immersiveengineering:hammer":1,"minecraft:coal":10,"minecraft:furnace":1,"minecraft:stone":32,"immersiveengineering:workbench":1,"minecraft:glass":8,"immersiveengineering:treated_fence":3,"immersiveengineering:treated_wood_horizontal":16,"immersiveengineering:ingot_aluminum":50,"advancednetherite:netherite_iron_ingot":1,"minecraft:crafting_table":3,"tombstone:decorative_grave_simple":9,"immersiveengineering:slab_treated_wood_horizontal":6,"minecraft:smithing_table":1,"minecraft:copper_ingot":37,"immersiveengineering:blueprint":1,"minecraft:air":465,"minecraft:blue_dye":3,"minecraft:paper":3,"minecraft:diamond_pickaxe":1,"minecraft:stick":9,"quark:oak_chest":2,"tombstone:dark_marble":27,"immersiveengineering:stick_treated":8,"minecraft:torch":22,"minecraft:lapis_lazuli":1,"immersiveengineering:craftingtable":1},"minecraft:used":{"advancednetherite:netherite_iron_pickaxe":58,"minecraft:chest":3,"tombstone:fishing_rod_of_misadventure":23,"minecraft:oak_door":2,"minecraft:torch":43,"minecraft:dirt":4,"elevatorid:elevator_black":2,"minecraft:carrot":1,"immersiveengineering:cokebrick":27,"tombstone:decorative_grave_simple":9,"born_in_chaos_v1:chipped_black_argillite_brick":1,"born_in_chaos_v1:black_argillite_button":1,"immersiveengineering:workbench":1,"minecraft:grass_block":505,"minecraft:iron_axe":173,"minecraft:iron_helmet":1,"minecraft:furnace":2,"tombstone:gift":1,"immersiveengineering:blastbrick":27,"minecraft:water_bucket":1,"minecraft:damaged_anvil":3,"minecraft:oak_planks":165,"minecraft:sugar_cane":2,"born_in_chaos_v1:black_argillite_brick_stairs":1,"minecraft:crafting_table":2,"immersiveengineering:hammer":2,"born_in_chaos_v1:black_argillite_column":4,"minecraft:iron_pickaxe":284,"minecraft:coal_block":1,"minecraft:cobblestone":33,"minecraft:smithing_table":1,"minecraft:andesite":7,"quark:oak_chest":4,"minecraft:experience_bottle":5}},"DataVersion":3120}