{"stats":{"minecraft:picked_up":{"sophisticatedbackpacks:gold_backpack":1,"minecraft:crafting_table":1,"immersiveengineering:connector_lv":8,"minecraft:cooked_beef":64,"minecraft:redstone_block":32,"farmersdelight:rice":32,"born_in_chaos_v1:river_mint":6,"minecraft:andesite":7,"immersiveengineering:coal_coke":32,"minecraft:smithing_table":1,"tconstruct:materials_and_you":1,"immersiveengineering:dynamo":1,"minecraft:enchanted_book":13,"create:raw_zinc":1,"minecraft:oak_log":192,"immersiveengineering:blastbrick":27,"born_in_chaos_v1:black_argillite":3,"tombstone:voodoo_poppet":1,"minecraft:lapis_block":32,"immersiveengineering:connector_lv_relay":8,"immersiveengineering:manual":1,"minecraft:dirt":7,"minecraft:netherite_ingot":2,"immersiveengineering:cokebrick":27,"immersiveengineering:windmill":1,"minecraft:wheat_seeds":38,"minecraft:cobbled_deepslate":73,"guideapi_vp:vampirism-guidebook":1,"minecraft:iron_ingot":40,"advancednetherite:netherite_iron_pickaxe":1,"minecraft:iron_pickaxe":1,"minecraft:coal_block":31,"minecraft:chest":3,"minecraft:oak_planks":225,"farmersdelight:cabbage_seeds":32,"minecraft:furnace":1,"minecraft:stick":2,"minecraft:raw_gold_block":32,"minecraft:oak_door":3,"minecraft:torch":32,"minecraft:raw_iron_block":32,"minecraft:gravel":128,"minecraft:sand":256,"werewolves:raw_silver":1,"farmersdelight:tomato_seeds":32,"tombstone:grave_dust":32,"minecraft:diorite":2,"quark:oak_chest":2,"minecraft:clay":128,"immersiveengineering:seed":36,"minecraft:diamond":30,"minecraft:beetroot_seeds":32,"immersiveengineering:wirecoil_copper":8,"tombstone:fishing_rod_of_misadventure":3,"minecraft:granite":15,"tombstone:essence_of_undeath":16,"minecraft:damaged_anvil":3,"minecraft:coal":34,"minecraft:cobblestone":77},"minecraft:custom":{"minecraft:interact_with_smithing_table":2,"lootr:looted_stat":11,"minecraft:interact_with_furnace":3,"minecraft:interact_with_anvil":4,"minecraft:interact_with_crafting_table":7,"minecraft:open_barrel":11,"minecraft:leave_game":1,"minecraft:time_since_death":42181,"minecraft:time_since_rest":42181,"minecraft:sprint_one_cm":88161,"minecraft:open_enderchest":4,"minecraft:damage_taken":30,"minecraft:walk_one_cm":198074,"minecraft:drop":8,"minecraft:damage_dealt":15,"minecraft:swim_one_cm":4653,"minecraft:talked_to_villager":1,"minecraft:fly_one_cm":144911,"minecraft:open_chest":83,"minecraft:crouch_one_cm":82044,"minecraft:play_time":42181,"minecraft:sneak_time":7604,"minecraft:walk_under_water_one_cm":1681,"minecraft:jump":375,"minecraft:walk_on_water_one_cm":25,"minecraft:total_world_time":42181,"minecraft:fall_one_cm":5407,"minecraft:horse_one_cm":769},"minecraft:dropped":{"minecraft:grass_block":7,"minecraft:dirt":1},"minecraft:mined":{"create:zinc_ore":1,"minecraft:smithing_table":1,"minecraft:diamond_ore":1,"minecraft:oak_door":2,"quark:oak_chest":2,"minecraft:crafting_table":1,"minecraft:granite":15,"minecraft:grass_block":5,"born_in_chaos_v1:black_argillite":3,"minecraft:chest":3,"minecraft:coal_block":1,"minecraft:cobblestone":4,"minecraft:oak_planks":165,"minecraft:damaged_anvil":3,"minecraft:diorite":3,"minecraft:furnace":1,"minecraft:andesite":7,"born_in_chaos_v1:river_mint":3,"minecraft:grass":11,"minecraft:coal_ore":24,"minecraft:dirt":1,"minecraft:stone":73,"werewolves:silver_ore":1,"minecraft:deepslate":73},"minecraft:crafted":{"minecraft:oak_door":3,"advancednetherite:netherite_iron_ingot":1,"minecraft:oak_planks":64,"minecraft:coal":6,"minecraft:crafting_table":1,"minecraft:smithing_table":1,"minecraft:air":351,"minecraft:diamond_pickaxe":1,"minecraft:stick":6,"quark:oak_chest":2,"minecraft:torch":8},"minecraft:used":{"minecraft:damaged_anvil":3,"advancednetherite:netherite_iron_pickaxe":1,"minecraft:oak_planks":165,"minecraft:chest":3,"minecraft:oak_door":2,"minecraft:torch":27,"minecraft:dirt":4,"elevatorid:elevator_black":2,"minecraft:crafting_table":1,"minecraft:iron_axe":173,"minecraft:grass_block":505,"minecraft:iron_pickaxe":210,"minecraft:iron_helmet":1,"minecraft:coal_block":1,"minecraft:cobblestone":31,"minecraft:furnace":1,"minecraft:smithing_table":1,"minecraft:andesite":7,"quark:oak_chest":4,"minecraft:experience_bottle":5}},"DataVersion":3120}