{"stats":{"minecraft:picked_up":{"sophisticatedbackpacks:gold_backpack":1,"spore:mutated_heart":1,"minecraft:crafting_table":1,"minecraft:redstone_block":32,"minecraft:clay_ball":256,"born_in_chaos_v1:river_mint":6,"immersiveengineering:coal_coke":32,"minecraft:smithing_table":1,"tconstruct:materials_and_you":1,"minecraft:brown_bed":1,"minecraft:potion":3,"minecraft:enchanted_book":13,"immersiveengineering:blastbrick":27,"immersiveengineering:manual":1,"born_in_chaos_v1:black_argillite":3,"minecraft:lapis_block":32,"born_in_chaos_v1:black_argillite_column":4,"minecraft:string":3,"minecraft:raw_copper":37,"minecraft:netherite_ingot":2,"minecraft:pufferfish":7,"immersiveengineering:windmill":3,"mysticalagriculture:inferium_essence":2,"minecraft:cobbled_deepslate":130,"farmersdelight:cod_slice":22,"minecraft:cobblestone_slab":4,"minecraft:iron_nugget":1,"minecraft:iron_pickaxe":1,"minecraft:coal_block":31,"minecraft:sugar_cane":15,"minecraft:chest":3,"farmersdelight:cabbage_seeds":32,"minecraft:furnace":1,"minecraft:stick":6,"minecraft:raw_iron":41,"minecraft:raw_gold_block":32,"minecraft:oak_door":3,"minecraft:torch":39,"minecraft:bowl":4,"farmersdelight:tomato_seeds":32,"werewolves:raw_silver":1,"tombstone:grave_dust":34,"minecraft:diorite":11,"minecraft:carrot":12,"born_in_chaos_v1:black_argillite_brick_stairs":1,"tombstone:lost_tablet":1,"minecraft:rotten_flesh":6,"minecraft:tropical_fish":2,"minecraft:beetroot_seeds":32,"minecraft:deepslate_bricks":1,"tombstone:fishing_rod_of_misadventure":3,"tombstone:essence_of_undeath":16,"minecraft:cod":29,"minecraft:cobblestone":157,"immersiveengineering:connector_lv":16,"minecraft:cooked_beef":64,"farmersdelight:rice":32,"minecraft:tripwire_hook":3,"minecraft:salmon":2,"minecraft:andesite":22,"minecraft:leather":17,"immersiveengineering:dynamo":3,"paraglider:spirit_orb":2,"minecraft:flint":1,"create:raw_zinc":1,"minecraft:oak_log":192,"minecraft:lily_pad":11,"born_in_chaos_v1:black_argillite_button":1,"farmersdelight:salmon_slice":2,"immersiveengineering:treated_wood_horizontal":3,"tombstone:voodoo_poppet":1,"immersiveengineering:connector_lv_relay":9,"minecraft:dirt":36,"immersiveengineering:hemp_fiber":211,"minecraft:leather_boots":11,"minecraft:bone":6,"immersiveengineering:cokebrick":27,"minecraft:wheat_seeds":38,"minecraft:deepslate_brick_slab":1,"guideapi_vp:vampirism-guidebook":1,"minecraft:iron_ingot":40,"born_in_chaos_v1:chipped_black_argillite_brick":1,"spore:mutated_fiber":17,"advancednetherite:netherite_iron_pickaxe":1,"minecraft:oak_planks":241,"thermal:raw_tin":4,"spore:cerebrum":1,"immersiveengineering:raw_uranium":25,"minecraft:raw_iron_block":32,"minecraft:gravel":129,"minecraft:sand":256,"immersiveengineering:raw_aluminum":50,"quark:oak_chest":2,"minecraft:bundle":1,"minecraft:clay":128,"minecraft:diamond":48,"immersiveengineering:seed":121,"tombstone:scroll_of_knowledge":1,"immersiveengineering:wirecoil_copper":12,"minecraft:lever":3,"minecraft:bone_meal":12,"spore:spine_fragment":2,"minecraft:granite":24,"immersiveengineering:dust_iron":3,"minecraft:damaged_anvil":3,"immersiveengineering:conveyor_basic":3,"minecraft:coal":58},"minecraft:custom":{"minecraft:interact_with_smithing_table":2,"minecraft:mob_kills":1,"lootr:looted_stat":19,"minecraft:interact_with_anvil":10,"minecraft:interact_with_crafting_table":80,"minecraft:open_barrel":11,"minecraft:leave_game":1,"minecraft:time_since_death":33367,"minecraft:sprint_one_cm":870669,"minecraft:walk_one_cm":864961,"minecraft:drop":97,"minecraft:talked_to_villager":1,"minecraft:deaths":1,"minecraft:play_time":222181,"minecraft:sneak_time":17795,"minecraft:walk_under_water_one_cm":3619,"minecraft:jump":1239,"minecraft:walk_on_water_one_cm":11177,"minecraft:total_world_time":222181,"minecraft:interact_with_furnace":69,"minecraft:traded_with_villager":1,"tombstone:trade_grave_guardian":1,"minecraft:sleep_in_bed":3,"minecraft:time_since_rest":33172,"minecraft:open_enderchest":4,"minecraft:damage_taken":835,"minecraft:damage_dealt":365,"minecraft:swim_one_cm":22146,"minecraft:fly_one_cm":562541,"minecraft:open_chest":536,"minecraft:crouch_one_cm":140168,"minecraft:fish_caught":40,"minecraft:fall_one_cm":29544,"minecraft:horse_one_cm":769},"minecraft:killed_by":{"spore:busser":1},"minecraft:dropped":{"minecraft:wheat_seeds":2,"minecraft:minecart":2,"minecraft:cobblestone":34,"minecraft:chest_minecart":2,"minecraft:granite":1,"minecraft:tropical_fish":2,"minecraft:rail":6,"minecraft:grass_block":7,"minecraft:emerald":3,"minecraft:cod":18,"minecraft:pufferfish":7,"minecraft:dirt":1,"minecraft:potion":2,"minecraft:furnace_minecart":1,"minecraft:string":3,"minecraft:tripwire_hook":3,"minecraft:lily_pad":11,"thermal:raw_tin":4,"minecraft:bone":6,"minecraft:cobbled_deepslate":50,"minecraft:bowl":4,"minecraft:raw_iron":150,"minecraft:rotten_flesh":4,"minecraft:salmon":1,"minecraft:deepslate_bricks":2,"minecraft:bundle":1,"minecraft:andesite":7,"mysticalagriculture:inferium_essence":1,"immersiveengineering:slag":61,"minecraft:leather_boots":3,"minecraft:spider_eye":7,"immersiveengineering:seed":158},"minecraft:killed":{"spore:slasher":1},"minecraft:mined":{"create:zinc_ore":1,"minecraft:diamond_ore":5,"minecraft:deepslate_diamond_ore":6,"minecraft:oak_door":2,"farmersdelight:wild_carrots":11,"minecraft:lever":3,"minecraft:granite":24,"immersiveengineering:windmill":2,"minecraft:grass_block":7,"born_in_chaos_v1:black_argillite":3,"minecraft:coal_block":1,"minecraft:spawner":1,"minecraft:deepslate_brick_slab":1,"immersiveengineering:deepslate_ore_uranium":10,"born_in_chaos_v1:black_argillite_column":4,"immersiveengineering:dynamo":2,"minecraft:carrots":1,"minecraft:furnace":1,"immersiveengineering:hemp":46,"immersiveengineering:treated_wood_horizontal":3,"minecraft:iron_ore":11,"born_in_chaos_v1:black_argillite_brick_stairs":1,"minecraft:andesite":22,"minecraft:brown_bed":1,"minecraft:deepslate_iron_ore":4,"immersiveengineering:connector_lv":7,"minecraft:cobblestone_slab":4,"minecraft:stone":154,"immersiveengineering:ore_aluminum":19,"minecraft:smithing_table":1,"quark:oak_chest":2,"minecraft:clay":64,"minecraft:crafting_table":1,"minecraft:torch":3,"minecraft:chest":3,"minecraft:copper_ore":5,"minecraft:cobblestone":4,"born_in_chaos_v1:chipped_black_argillite_brick":1,"minecraft:oak_planks":181,"minecraft:sugar_cane":6,"minecraft:damaged_anvil":3,"minecraft:diorite":11,"immersiveengineering:connector_lv_relay":1,"born_in_chaos_v1:river_mint":3,"minecraft:grass":13,"minecraft:coal_ore":34,"minecraft:gravel":2,"minecraft:dirt":28,"thermal:deepslate_tin_ore":4,"immersiveengineering:conveyor_basic":3,"werewolves:silver_ore":1,"minecraft:deepslate":130},"minecraft:crafted":{"minecraft:raw_iron":32,"minecraft:oak_door":3,"minecraft:redstone":1,"minecraft:oak_planks":96,"immersiveengineering:hammer":2,"minecraft:cobblestone_slab":12,"minecraft:coal":32,"immersiveengineering:hemp_fabric":44,"immersiveengineering:slab_sheetmetal_iron":6,"immersiveengineering:fluid_pipe":16,"minecraft:furnace":1,"immersiveengineering:manual":1,"minecraft:stone":32,"minecraft:bone_meal":22,"minecraft:lever":2,"immersiveengineering:steel_scaffolding_standard":12,"immersiveengineering:sheetmetal_iron":28,"minecraft:flint_and_steel":1,"immersiveengineering:stick_steel":7,"immersiveengineering:workbench":1,"immersiveengineering:cloche":3,"minecraft:glass":32,"minecraft:hopper":9,"minecraft:polished_deepslate":64,"immersiveengineering:wirecutter":1,"immersiveengineering:light_engineering":12,"immersiveengineering:coil_lv":1,"farmersdelight:rice":4,"minecraft:chest":17,"immersiveengineering:dynamo":1,"immersiveengineering:treated_fence":3,"immersiveengineering:treated_wood_horizontal":80,"immersiveengineering:component_iron":18,"immersiveengineering:ingot_aluminum":50,"minecraft:coal_block":10,"advancednetherite:netherite_iron_ingot":1,"tombstone:grave_dust":1,"farmersdelight:cooked_salmon_slice":2,"immersiveengineering:metal_barrel":1,"minecraft:cauldron":1,"minecraft:crafting_table":3,"immersiveengineering:rs_engineering":4,"immersiveengineering:windmill_blade":9,"minecraft:deepslate_brick_slab":126,"tombstone:decorative_grave_simple":9,"immersiveengineering:slab_treated_wood_horizontal":6,"immersiveengineering:windmill":1,"minecraft:bowl":16,"minecraft:smithing_table":1,"immersiveengineering:windmill_sail":7,"immersiveengineering:wire_copper":13,"tombstone:ankh_of_pray":1,"minecraft:copper_ingot":37,"immersiveengineering:blueprint":1,"minecraft:air":1650,"minecraft:blue_dye":3,"farmersdelight:cutting_board":1,"farmersdelight:cooked_cod_slice":22,"minecraft:paper":9,"minecraft:diamond_pickaxe":1,"minecraft:raw_gold":34,"minecraft:stick":90,"quark:oak_chest":21,"minecraft:iron_ingot":205,"immersiveengineering:conveyor_basic":8,"tombstone:dark_marble":27,"minecraft:gold_ingot":27,"immersiveengineering:stick_treated":44,"immersiveengineering:plate_iron":114,"farmersdelight:diamond_knife":1,"minecraft:torch":30,"minecraft:deepslate_bricks":64,"immersiveengineering:steel_fence":9,"minecraft:shears":1,"immersiveengineering:wirecoil_copper":12,"immersiveengineering:plate_copper":13,"minecraft:lapis_lazuli":1,"immersiveengineering:craftingtable":1,"minecraft:brick":64},"minecraft:used":{"immersiveengineering:conveyor_basic":6,"minecraft:iron_shovel":88,"advancednetherite:netherite_iron_pickaxe":84,"immersiveengineering:seed":117,"minecraft:chest":11,"tombstone:fishing_rod_of_misadventure":101,"minecraft:oak_door":2,"minecraft:torch":115,"minecraft:dirt":6,"elevatorid:elevator_black":2,"minecraft:hopper":9,"immersiveengineering:metal_barrel":1,"immersiveengineering:fluid_pipe":10,"minecraft:deepslate_brick_slab":100,"minecraft:carrot":30,"immersiveengineering:treated_wood_horizontal":3,"immersiveengineering:connector_lv":14,"immersiveengineering:cokebrick":27,"immersiveengineering:steel_fence":8,"immersiveengineering:rs_engineering":1,"tombstone:ankh_of_pray":2,"minecraft:iron_hoe":84,"tombstone:decorative_grave_simple":9,"born_in_chaos_v1:chipped_black_argillite_brick":1,"born_in_chaos_v1:black_argillite_button":1,"immersiveengineering:connector_lv_relay":2,"immersiveengineering:windmill":4,"immersiveengineering:workbench":1,"minecraft:grass_block":505,"minecraft:iron_axe":197,"minecraft:iron_helmet":1,"farmersdelight:cutting_board":1,"minecraft:furnace":2,"tombstone:gift":2,"immersiveengineering:blastbrick":27,"minecraft:brown_bed":1,"immersiveengineering:dynamo":4,"immersiveengineering:cloche":3,"minecraft:water_bucket":4,"minecraft:damaged_anvil":3,"minecraft:oak_planks":181,"minecraft:clay":64,"minecraft:cobblestone_slab":12,"minecraft:sugar_cane":2,"born_in_chaos_v1:black_argillite_brick_stairs":1,"minecraft:crafting_table":2,"minecraft:lever":4,"immersiveengineering:hammer":12,"born_in_chaos_v1:black_argillite_column":4,"minecraft:iron_pickaxe":403,"immersiveengineering:light_engineering":10,"minecraft:gravel":1,"minecraft:coal_block":1,"minecraft:cobblestone":37,"minecraft:smithing_table":1,"minecraft:bucket":37,"minecraft:andesite":7,"immersiveengineering:steel_scaffolding_standard":10,"quark:oak_chest":6,"immersiveengineering:wirecoil_copper":20,"minecraft:bone_meal":66,"minecraft:experience_bottle":5}},"DataVersion":3120}