{"stats":{"minecraft:picked_up":{"born_in_chaos_v1:river_mint":3,"minecraft:enchanted_book":7,"minecraft:dirt":1,"immersiveengineering:seed":2,"minecraft:wheat_seeds":3,"tombstone:fishing_rod_of_misadventure":1,"minecraft:damaged_anvil":2,"minecraft:oak_planks":5,"minecraft:furnace":1},"minecraft:custom":{"minecraft:time_since_rest":18181,"minecraft:interact_with_furnace":1,"minecraft:open_enderchest":2,"lootr:looted_stat":8,"minecraft:sprint_one_cm":50063,"minecraft:walk_one_cm":73661,"minecraft:interact_with_anvil":1,"minecraft:damage_dealt":15,"minecraft:interact_with_crafting_table":3,"minecraft:fly_one_cm":104926,"minecraft:open_barrel":5,"minecraft:open_chest":43,"minecraft:crouch_one_cm":8372,"minecraft:play_time":18181,"minecraft:sneak_time":715,"minecraft:jump":194,"minecraft:leave_game":1,"minecraft:time_since_death":18181,"minecraft:total_world_time":18181,"minecraft:fall_one_cm":4420,"minecraft:horse_one_cm":769},"minecraft:mined":{"minecraft:furnace":1,"born_in_chaos_v1:river_mint":3,"minecraft:grass":10,"minecraft:grass_block":1,"minecraft:oak_planks":5,"minecraft:damaged_anvil":2},"minecraft:crafted":{"minecraft:oak_door":3,"minecraft:oak_planks":64,"minecraft:coal":2,"minecraft:crafting_table":1,"minecraft:stick":2,"quark:oak_chest":2,"minecraft:torch":8,"minecraft:air":315},"minecraft:used":{"minecraft:iron_axe":4,"minecraft:oak_planks":165,"minecraft:iron_pickaxe":3,"minecraft:iron_helmet":1,"minecraft:oak_door":2,"minecraft:torch":4,"minecraft:crafting_table":1,"quark:oak_chest":2}},"DataVersion":3120}